Product,Link
Acadian Global Sustainable Equity,"<a href=""/en/acadian-global-sustainable-equity"">Acadian Global Sustainable Equity</a>"
AG Life Climate Change,"<a href=""/en/ag-life-climate-change"">AG Life Climate Change</a>"
AG Life Equity World Aqua,"<a href=""/en/ag-life-equity-world-aqua"">AG Life Equity World Aqua</a>"
AG Life Portfolio FoF Balanced SRI,"<a href=""/en/ag-life-portfolio-fof-balanced-sri"">AG Life Portfolio FoF Balanced SRI</a>"
AG Life Portfolio FoF Stability SRI,"<a href=""/en/ag-life-portfolio-fof-stability-sri"">AG Life Portfolio FoF Stability SRI</a>"
AG Life Strategy Global Defensive,"<a href=""/en/ag-life-strategy-global-defensive"">AG Life Strategy Global Defensive</a>"
AG Life Strategy Global Dynamic,"<a href=""/en/ag-life-strategy-global-dynamic"">AG Life Strategy Global Dynamic</a>"
AG Life Strategy Global Neutral,"<a href=""/en/ag-life-strategy-global-neutral"">AG Life Strategy Global Neutral</a>"
AG Life Sustainable Defensive,"<a href=""/en/ag-life-sustainable-defensive"">AG Life Sustainable Defensive</a>"
AG Life Sustainable Dynamic,"<a href=""/en/ag-life-sustainable-dynamic"">AG Life Sustainable Dynamic</a>"
AG Life Sustainable Equities,"<a href=""/en/ag-life-sustainable-equities"">AG Life Sustainable Equities</a>"
AG Life Sustainable Neutral,"<a href=""/en/ag-life-sustainable-neutral"">AG Life Sustainable Neutral</a>"
Alfred Berg Likviditet Pluss,"<a href=""/en/alfred-berg-likviditet-pluss"">Alfred Berg Likviditet Pluss</a>"
Alfred Berg Nordic Investment Grade,"<a href=""/en/alfred-berg-nordic-investment-grade"">Alfred Berg Nordic Investment Grade</a>"
Allianz Best Styles Global Equity SRI,"<a href=""/en/allianz-best-styles-global-equity-sri"">Allianz Best Styles Global Equity SRI</a>"
Allianz Euro Credit SRI Plus,"<a href=""/en/allianz-euro-credit-sri-plus"">Allianz Euro Credit SRI Plus</a>"
Allianz Euro Oblig Court Terme ISR,"<a href=""/en/allianz-euro-oblig-court-terme-isr"">Allianz Euro Oblig Court Terme ISR</a>"
Allianz Europe Equity SRI,"<a href=""/en/allianz-europe-equity-sri"">Allianz Europe Equity SRI</a>"
Argenta Fund Overheidsobligaties,"<a href=""/en/argenta-fund-overheidsobligaties"">Argenta Fund Overheidsobligaties</a>"
Argenta Fund Responsible Growth,"<a href=""/en/argenta-fund-responsible-growth"">Argenta Fund Responsible Growth</a>"
Argenta Fund Responsible Growth Defensive,"<a href=""/en/argenta-fund-responsible-growth-defensive"">Argenta Fund Responsible Growth Defensive</a>"
Argenta Fund Responsible Materials,"<a href=""/en/argenta-fund-responsible-materials"">Argenta Fund Responsible Materials</a>"
Argenta Fund Responsible Utilities,"<a href=""/en/argenta-fund-responsible-utilities"">Argenta Fund Responsible Utilities</a>"
Argenta Life Overheidsobligaties,"<a href=""/en/argenta-life-overheidsobligaties"">Argenta Life Overheidsobligaties</a>"
Argenta Life Portfolio Emergents,"<a href=""/en/argenta-life-portfolio-emergents"">Argenta Life Portfolio Emergents</a>"
Argenta Life Responsible Growth,"<a href=""/en/argenta-life-responsible-growth"">Argenta Life Responsible Growth</a>"
Argenta Life Responsible Growth Defensive,"<a href=""/en/argenta-life-responsible-growth-defensive"">Argenta Life Responsible Growth Defensive</a>"
Argenta Life Responsible Materials,"<a href=""/en/argenta-life-responsible-materials"">Argenta Life Responsible Materials</a>"
Argenta Life Responsible Utilities,"<a href=""/en/argenta-life-responsible-utilities"">Argenta Life Responsible Utilities</a>"
Argenta Life Sustainable Food Trends,"<a href=""/en/argenta-life-sustainable-food-trends"">Argenta Life Sustainable Food Trends</a>"
AXA Trésor Court Terme,"<a href=""/en/axa-tr%C3%A9sor-court-terme"">AXA Trésor Court Terme</a>"
AXA WF Framlington Clean Economy,"<a href=""/en/axa-wf-framlington-clean-economy"">AXA WF Framlington Clean Economy</a>"
AXA WF Framlington Eurozone RI,"<a href=""/en/axa-wf-framlington-eurozone-ri"">AXA WF Framlington Eurozone RI</a>"
AXA WF Framlington Global Small Cap,"<a href=""/en/axa-wf-framlington-global-small-cap"">AXA WF Framlington Global Small Cap</a>"
AXA WF Framlington Human Capital,"<a href=""/en/axa-wf-framlington-human-capital"">AXA WF Framlington Human Capital</a>"
AXA WF Framlington Women Empowerment,"<a href=""/en/axa-wf-framlington-women-empowerment"">AXA WF Framlington Women Empowerment</a>"
AXA WF Global Factors - Sustainable Equity,"<a href=""/en/axa-wf-global-factors-sustainable-equity"">AXA WF Global Factors - Sustainable Equity</a>"
AXA WF Global Green Bonds,"<a href=""/en/axa-wf-global-green-bonds"">AXA WF Global Green Bonds</a>"
AXA World Fund Euro Bonds SRI,"<a href=""/en/axa-world-fund-euro-bonds-sri"">AXA World Fund Euro Bonds SRI</a>"
AXA World Fund Euro Buy and Maintain Credit,"<a href=""/en/axa-world-fund-euro-buy-and-maintain-credit"">AXA World Fund Euro Buy and Maintain Credit</a>"
Belfius Equities Climate,"<a href=""/en/belfius-equities-climate"">Belfius Equities Climate</a>"
Belfius Multi Manager Smart Future,"<a href=""/en/belfius-multi-manager-smart-future"">Belfius Multi Manager Smart Future</a>"
Belfius Select Portfolio Sustainable Low,"<a href=""/en/belfius-select-portfolio-sustainable-low"">Belfius Select Portfolio Sustainable Low</a>"
Belfius Select Portfolio Sustainable Medium,"<a href=""/en/belfius-select-portfolio-sustainable-medium"">Belfius Select Portfolio Sustainable Medium</a>"
BGF ESG Multi-Asset Fund,"<a href=""/en/bgf-esg-multi-asset-fund"">BGF ESG Multi-Asset Fund</a>"
BGF Sustainable Energy Fund,"<a href=""/en/bgf-sustainable-energy-fund"">BGF Sustainable Energy Fund</a>"
BlueOrchard UCITS - Emerging Markets SDG Impact Bond Fund,"<a href=""/en/blueorchard-ucits-emerging-markets-sdg-impact-bond-fund"">BlueOrchard UCITS - Emerging Markets SDG Impact Bond Fund</a>"
BMO Sustainable Multi-Asset Income Fund,"<a href=""/en/bmo-sustainable-multi-asset-income-fund"">BMO Sustainable Multi-Asset Income Fund</a>"
BNP Paribas Aqua,"<a href=""/en/bnp-paribas-aqua"">BNP Paribas Aqua</a>"
BNP Paribas B Institutional II Invest II,"<a href=""/en/bnp-paribas-b-institutional-ii-invest-ii"">BNP Paribas B Institutional II Invest II</a>"
BNP Paribas B Invest Global Equity D,"<a href=""/en/bnp-paribas-b-invest-global-equity-d"">BNP Paribas B Invest Global Equity D</a>"
BNP Paribas B Pension Sustainable Balanced,"<a href=""/en/bnp-paribas-b-pension-sustainable-balanced"">BNP Paribas B Pension Sustainable Balanced</a>"
BNP Paribas B Pension Sustainable Growth,"<a href=""/en/bnp-paribas-b-pension-sustainable-growth"">BNP Paribas B Pension Sustainable Growth</a>"
BNP Paribas B Pension Sustainable Stability,"<a href=""/en/bnp-paribas-b-pension-sustainable-stability"">BNP Paribas B Pension Sustainable Stability</a>"
BNP Paribas B Strategy Europe Sustainable Defensive,"<a href=""/en/bnp-paribas-b-strategy-europe-sustainable-defensive"">BNP Paribas B Strategy Europe Sustainable Defensive</a>"
BNP Paribas B Strategy Europe Sustainable Dynamic,"<a href=""/en/bnp-paribas-b-strategy-europe-sustainable-dynamic"">BNP Paribas B Strategy Europe Sustainable Dynamic</a>"
BNP Paribas B Strategy Europe Sustainable Neutral,"<a href=""/en/bnp-paribas-b-strategy-europe-sustainable-neutral"">BNP Paribas B Strategy Europe Sustainable Neutral</a>"
BNP Paribas B Strategy Global Sustainable Aggressive,"<a href=""/en/bnp-paribas-b-strategy-global-sustainable-aggressive"">BNP Paribas B Strategy Global Sustainable Aggressive</a>"
BNP Paribas B Strategy Global Sustainable Conservative,"<a href=""/en/bnp-paribas-b-strategy-global-sustainable-conservative"">BNP Paribas B Strategy Global Sustainable Conservative</a>"
BNP Paribas B Strategy Global Sustainable Defensive,"<a href=""/en/bnp-paribas-b-strategy-global-sustainable-defensive"">BNP Paribas B Strategy Global Sustainable Defensive</a>"
BNP Paribas B Strategy Global Sustainable Dynamic,"<a href=""/en/bnp-paribas-b-strategy-global-sustainable-dynamic"">BNP Paribas B Strategy Global Sustainable Dynamic</a>"
BNP Paribas B Strategy Global Sustainable Neutral,"<a href=""/en/bnp-paribas-b-strategy-global-sustainable-neutral"">BNP Paribas B Strategy Global Sustainable Neutral</a>"
BNP Paribas Comfort Sustainable Equity World Plus,"<a href=""/en/bnp-paribas-comfort-sustainable-equity-world-plus"">BNP Paribas Comfort Sustainable Equity World Plus</a>"
BNP Paribas Développement Humain ,"<a href=""/en/bnp-paribas-d%C3%A9veloppement-humain%C2%A0"">BNP Paribas Développement Humain </a>"
BNP Paribas Easy ECPI Circular Economy Leaders,"<a href=""/en/bnp-paribas-easy-ecpi-circular-economy-leaders"">BNP Paribas Easy ECPI Circular Economy Leaders</a>"
BNP Paribas Easy FTSE EPRA Nareit Developed Europe ex UK Green,"<a href=""/en/bnp-paribas-easy-ftse-epra-nareit-developed-europe-ex-uk-green"">BNP Paribas Easy FTSE EPRA Nareit Developed Europe ex UK Green</a>"
BNP Paribas Easy JPM ESG EMBI Global Diversified Composite,"<a href=""/en/bnp-paribas-easy-jpm-esg-embi-global-diversified-composite"">BNP Paribas Easy JPM ESG EMBI Global Diversified Composite</a>"
BNP Paribas Easy Low Carbon 100 Europe®,"<a href=""/en/bnp-paribas-easy-low-carbon-100-europe%C2%AE"">BNP Paribas Easy Low Carbon 100 Europe®</a>"
BNP Paribas Easy MSCI Emerging Markets SRI S-Series 5% Capped,"<a href=""/en/bnp-paribas-easy-msci-emerging-markets-sri-s-series-5-capped"">BNP Paribas Easy MSCI Emerging Markets SRI S-Series 5% Capped</a>"
BNP Paribas Easy MSCI EMU SRI S-series 5% Capped,"<a href=""/en/bnp-paribas-easy-msci-emu-sri-s-series-5-capped"">BNP Paribas Easy MSCI EMU SRI S-series 5% Capped</a>"
BNP Paribas Easy MSCI Europe SRI S-Series 5% Capped,"<a href=""/en/bnp-paribas-easy-msci-europe-sri-s-series-5-capped"">BNP Paribas Easy MSCI Europe SRI S-Series 5% Capped</a>"
BNP Paribas Easy MSCI Japan SRI S-Series 5% Capped,"<a href=""/en/bnp-paribas-easy-msci-japan-sri-s-series-5-capped"">BNP Paribas Easy MSCI Japan SRI S-Series 5% Capped</a>"
BNP Paribas Easy MSCI USA SRI S-Series 5% Capped,"<a href=""/en/bnp-paribas-easy-msci-usa-sri-s-series-5-capped"">BNP Paribas Easy MSCI USA SRI S-Series 5% Capped</a>"
BNP Paribas Easy MSCI World SRI S-series 5% Capped,"<a href=""/en/bnp-paribas-easy-msci-world-sri-s-series-5-capped"">BNP Paribas Easy MSCI World SRI S-series 5% Capped</a>"
BNP Paribas Easy € Corp Bond SRI Fossil Free,"<a href=""/en/bnp-paribas-easy-%E2%82%AC-corp-bond-sri-fossil-free"">BNP Paribas Easy € Corp Bond SRI Fossil Free</a>"
BNP Paribas Easy € Corp Bond SRI Fossil Free 1-3Y,"<a href=""/en/bnp-paribas-easy-%E2%82%AC-corp-bond-sri-fossil-free-1-3y"">BNP Paribas Easy € Corp Bond SRI Fossil Free 1-3Y</a>"
BNP Paribas Easy € Corp Bond SRI Fossil Free 3-5Y,"<a href=""/en/bnp-paribas-easy-%E2%82%AC-corp-bond-sri-fossil-free-3-5y"">BNP Paribas Easy € Corp Bond SRI Fossil Free 3-5Y</a>"
BNP Paribas Flexi I Bond Nordic Investment Grade,"<a href=""/en/bnp-paribas-flexi-i-bond-nordic-investment-grade"">BNP Paribas Flexi I Bond Nordic Investment Grade</a>"
BNP Paribas Fortis Funding (LU) Climate Care Note 2026 range,"<a href=""/en/bnp-paribas-fortis-funding-lu-climate-care-note-2026-range"">BNP Paribas Fortis Funding (LU) Climate Care Note 2026 range</a>"
BNP Paribas Fortis Private Balanced SRI,"<a href=""/en/bnp-paribas-fortis-private-balanced-sri"">BNP Paribas Fortis Private Balanced SRI</a>"
BNP Paribas Fortis Private Defensive SRI,"<a href=""/en/bnp-paribas-fortis-private-defensive-sri"">BNP Paribas Fortis Private Defensive SRI</a>"
BNP Paribas Fortis Private Dynamic SRI,"<a href=""/en/bnp-paribas-fortis-private-dynamic-sri"">BNP Paribas Fortis Private Dynamic SRI</a>"
BNP Paribas Fortis S-Fund Bonds EUR,"<a href=""/en/bnp-paribas-fortis-s-fund-bonds-eur"">BNP Paribas Fortis S-Fund Bonds EUR</a>"
BNP Paribas Fortis S-Fund Bonds Opportunities,"<a href=""/en/bnp-paribas-fortis-s-fund-bonds-opportunities"">BNP Paribas Fortis S-Fund Bonds Opportunities</a>"
BNP Paribas Fortis S-Fund Bonds USD,"<a href=""/en/bnp-paribas-fortis-s-fund-bonds-usd"">BNP Paribas Fortis S-Fund Bonds USD</a>"
BNP Paribas Fortis S-Fund Equity Emerging Markets,"<a href=""/en/bnp-paribas-fortis-s-fund-equity-emerging-markets"">BNP Paribas Fortis S-Fund Equity Emerging Markets</a>"
BNP Paribas Fortis S-Fund Equity Europe,"<a href=""/en/bnp-paribas-fortis-s-fund-equity-europe"">BNP Paribas Fortis S-Fund Equity Europe</a>"
BNP Paribas Fortis S-Fund Equity Japan,"<a href=""/en/bnp-paribas-fortis-s-fund-equity-japan"">BNP Paribas Fortis S-Fund Equity Japan</a>"
BNP Paribas Fortis S-Fund Equity Real Estate Europe Opportunity,"<a href=""/en/bnp-paribas-fortis-s-fund-equity-real-estate-europe-opportunity"">BNP Paribas Fortis S-Fund Equity Real Estate Europe Opportunity</a>"
BNP Paribas Fortis S-Fund Equity USA,"<a href=""/en/bnp-paribas-fortis-s-fund-equity-usa"">BNP Paribas Fortis S-Fund Equity USA</a>"
BNP Paribas Funds Aqua,"<a href=""/en/bnp-paribas-funds-aqua"">BNP Paribas Funds Aqua</a>"
BNP Paribas Funds Asia Ex-Japan Equity,"<a href=""/en/bnp-paribas-funds-asia-ex-japan-equity"">BNP Paribas Funds Asia Ex-Japan Equity</a>"
BNP Paribas Funds Belgium Equity,"<a href=""/en/bnp-paribas-funds-belgium-equity"">BNP Paribas Funds Belgium Equity</a>"
BNP Paribas Funds Climate Impact,"<a href=""/en/bnp-paribas-funds-climate-impact"">BNP Paribas Funds Climate Impact</a>"
BNP Paribas Funds Energy Transition,"<a href=""/en/bnp-paribas-funds-energy-transition"">BNP Paribas Funds Energy Transition</a>"
BNP Paribas Funds Euro Government Bond,"<a href=""/en/bnp-paribas-funds-euro-government-bond"">BNP Paribas Funds Euro Government Bond</a>"
BNP Paribas Funds Euro Multi-Factor Corporate Bond,"<a href=""/en/bnp-paribas-funds-euro-multi-factor-corporate-bond"">BNP Paribas Funds Euro Multi-Factor Corporate Bond</a>"
BNP Paribas Funds Euro Multi-Factor Equity,"<a href=""/en/bnp-paribas-funds-euro-multi-factor-equity"">BNP Paribas Funds Euro Multi-Factor Equity</a>"
BNP Paribas Funds Europe Multi-Factor Equity,"<a href=""/en/bnp-paribas-funds-europe-multi-factor-equity"">BNP Paribas Funds Europe Multi-Factor Equity</a>"
BNP Paribas Funds Europe Real Estate Securities,"<a href=""/en/bnp-paribas-funds-europe-real-estate-securities"">BNP Paribas Funds Europe Real Estate Securities</a>"
BNP Paribas Funds Global Environment,"<a href=""/en/bnp-paribas-funds-global-environment"">BNP Paribas Funds Global Environment</a>"
BNP Paribas Funds Global Low Vol Equity,"<a href=""/en/bnp-paribas-funds-global-low-vol-equity"">BNP Paribas Funds Global Low Vol Equity</a>"
BNP Paribas Funds Global Multi-Factor Equity,"<a href=""/en/bnp-paribas-funds-global-multi-factor-equity"">BNP Paribas Funds Global Multi-Factor Equity</a>"
BNP Paribas Funds Global Real Estate Securities,"<a href=""/en/bnp-paribas-funds-global-real-estate-securities"">BNP Paribas Funds Global Real Estate Securities</a>"
BNP Paribas Funds Green Bond,"<a href=""/en/bnp-paribas-funds-green-bond"">BNP Paribas Funds Green Bond</a>"
BNP Paribas Funds Green Tigers,"<a href=""/en/bnp-paribas-funds-green-tigers"">BNP Paribas Funds Green Tigers</a>"
BNP Paribas Funds Human Development,"<a href=""/en/bnp-paribas-funds-human-development"">BNP Paribas Funds Human Development</a>"
BNP Paribas Funds Japan Multi-Factor Equity,"<a href=""/en/bnp-paribas-funds-japan-multi-factor-equity"">BNP Paribas Funds Japan Multi-Factor Equity</a>"
BNP Paribas Funds SMaRT Food,"<a href=""/en/bnp-paribas-funds-smart-food"">BNP Paribas Funds SMaRT Food</a>"
BNP Paribas Funds Sustainable Enhanced Bond 12M,"<a href=""/en/bnp-paribas-funds-sustainable-enhanced-bond-12m"">BNP Paribas Funds Sustainable Enhanced Bond 12M</a>"
BNP Paribas Funds Sustainable Euro Bond,"<a href=""/en/bnp-paribas-funds-sustainable-euro-bond"">BNP Paribas Funds Sustainable Euro Bond</a>"
BNP Paribas Funds Sustainable Euro Corporate Bond,"<a href=""/en/bnp-paribas-funds-sustainable-euro-corporate-bond"">BNP Paribas Funds Sustainable Euro Corporate Bond</a>"
BNP Paribas Funds Sustainable Global Corporate Bond,"<a href=""/en/bnp-paribas-funds-sustainable-global-corporate-bond"">BNP Paribas Funds Sustainable Global Corporate Bond</a>"
BNP Paribas Funds Sustainable Multi-Asset Balanced,"<a href=""/en/bnp-paribas-funds-sustainable-multi-asset-balanced"">BNP Paribas Funds Sustainable Multi-Asset Balanced</a>"
BNP Paribas Funds Sustainable Multi-Asset Growth,"<a href=""/en/bnp-paribas-funds-sustainable-multi-asset-growth"">BNP Paribas Funds Sustainable Multi-Asset Growth</a>"
BNP Paribas Funds Sustainable Multi-Asset Stability,"<a href=""/en/bnp-paribas-funds-sustainable-multi-asset-stability"">BNP Paribas Funds Sustainable Multi-Asset Stability</a>"
BNP Paribas Funds US Multi-Factor Corporate Bonds,"<a href=""/en/bnp-paribas-funds-us-multi-factor-corporate-bonds"">BNP Paribas Funds US Multi-Factor Corporate Bonds</a>"
BNP Paribas Funds US Multi-Factor Equity,"<a href=""/en/bnp-paribas-funds-us-multi-factor-equity"">BNP Paribas Funds US Multi-Factor Equity</a>"
BNP Paribas Funds US Value Multi-Factor Equity,"<a href=""/en/bnp-paribas-funds-us-value-multi-factor-equity"">BNP Paribas Funds US Value Multi-Factor Equity</a>"
BNP Paribas Immobilier Responsable ,"<a href=""/en/bnp-paribas-immobilier-responsable%C2%A0"">BNP Paribas Immobilier Responsable </a>"
BNP Paribas Mois ISR,"<a href=""/en/bnp-paribas-mois-isr"">BNP Paribas Mois ISR</a>"
BNP Paribas Obli Etat,"<a href=""/en/bnp-paribas-obli-etat"">BNP Paribas Obli Etat</a>"
BNP Paribas Obli Responsable ,"<a href=""/en/bnp-paribas-obli-responsable%C2%A0"">BNP Paribas Obli Responsable </a>"
BNPP IBV Booster Certificate Climate Care Low Carbon 2025,"<a href=""/en/bnpp-ibv-booster-certificate-climate-care-low-carbon-2025"">BNPP IBV Booster Certificate Climate Care Low Carbon 2025</a>"
BSF ESG Euro Bond Fund,"<a href=""/en/bsf-esg-euro-bond-fund"">BSF ESG Euro Bond Fund</a>"
BSF ESG Euro Corporate Bond Fund,"<a href=""/en/bsf-esg-euro-corporate-bond-fund"">BSF ESG Euro Corporate Bond Fund</a>"
Candriam Fund Sustainable Euro Corporate Bonds Fossil Fuel Free,"<a href=""/en/candriam-fund-sustainable-euro-corporate-bonds-fossil-fuel-free"">Candriam Fund Sustainable Euro Corporate Bonds Fossil Fuel Free</a>"
Candriam Fund Sustainable European Equities Fossil Fuel Free,"<a href=""/en/candriam-fund-sustainable-european-equities-fossil-fuel-free"">Candriam Fund Sustainable European Equities Fossil Fuel Free</a>"
Candriam SRI Bond Emerging Markets,"<a href=""/en/candriam-sri-bond-emerging-markets"">Candriam SRI Bond Emerging Markets</a>"
Candriam SRI Bond Euro,"<a href=""/en/candriam-sri-bond-euro"">Candriam SRI Bond Euro</a>"
Candriam SRI Bond Euro Corporate,"<a href=""/en/candriam-sri-bond-euro-corporate"">Candriam SRI Bond Euro Corporate</a>"
Candriam SRI Bond Euro Short Term,"<a href=""/en/candriam-sri-bond-euro-short-term"">Candriam SRI Bond Euro Short Term</a>"
Candriam SRI Bond Global,"<a href=""/en/candriam-sri-bond-global"">Candriam SRI Bond Global</a>"
Candriam SRI Bond Global High Yield,"<a href=""/en/candriam-sri-bond-global-high-yield"">Candriam SRI Bond Global High Yield</a>"
Candriam SRI Defensive Asset Allocation,"<a href=""/en/candriam-sri-defensive-asset-allocation"">Candriam SRI Defensive Asset Allocation</a>"
Candriam SRI Equity Climate Action,"<a href=""/en/candriam-sri-equity-climate-action"">Candriam SRI Equity Climate Action</a>"
Candriam SRI Equity Emerging Markets,"<a href=""/en/candriam-sri-equity-emerging-markets"">Candriam SRI Equity Emerging Markets</a>"
Candriam SRI Equity EMU,"<a href=""/en/candriam-sri-equity-emu"">Candriam SRI Equity EMU</a>"
Candriam SRI Equity Europe,"<a href=""/en/candriam-sri-equity-europe"">Candriam SRI Equity Europe</a>"
Candriam SRI Equity North America,"<a href=""/en/candriam-sri-equity-north-america"">Candriam SRI Equity North America</a>"
Candriam SRI Equity Pacific,"<a href=""/en/candriam-sri-equity-pacific"">Candriam SRI Equity Pacific</a>"
Candriam SRI Equity World,"<a href=""/en/candriam-sri-equity-world"">Candriam SRI Equity World</a>"
Candriam SRI Money Market Euro,"<a href=""/en/candriam-sri-money-market-euro"">Candriam SRI Money Market Euro</a>"
Candriam Sustainable Euro Bonds,"<a href=""/en/candriam-sustainable-euro-bonds"">Candriam Sustainable Euro Bonds</a>"
Candriam Sustainable Euro Corporate Bonds,"<a href=""/en/candriam-sustainable-euro-corporate-bonds"">Candriam Sustainable Euro Corporate Bonds</a>"
Candriam Sustainable Euro Short Term Bonds,"<a href=""/en/candriam-sustainable-euro-short-term-bonds"">Candriam Sustainable Euro Short Term Bonds</a>"
Candriam Sustainable Europe,"<a href=""/en/candriam-sustainable-europe"">Candriam Sustainable Europe</a>"
Candriam Sustainable High,"<a href=""/en/candriam-sustainable-high"">Candriam Sustainable High</a>"
Candriam Sustainable Low,"<a href=""/en/candriam-sustainable-low"">Candriam Sustainable Low</a>"
Candriam Sustainable Medium,"<a href=""/en/candriam-sustainable-medium"">Candriam Sustainable Medium</a>"
Candriam Sustainable North America,"<a href=""/en/candriam-sustainable-north-america"">Candriam Sustainable North America</a>"
Candriam Sustainable Pacific,"<a href=""/en/candriam-sustainable-pacific"">Candriam Sustainable Pacific</a>"
Candriam Sustainable World,"<a href=""/en/candriam-sustainable-world"">Candriam Sustainable World</a>"
Candriam Sustainable World Bonds,"<a href=""/en/candriam-sustainable-world-bonds"">Candriam Sustainable World Bonds</a>"
CapitalatWork Foyer Umbrella - Sustainable Equities at Work,"<a href=""/en/capitalatwork-foyer-umbrella-sustainable-equities-work"">CapitalatWork Foyer Umbrella - Sustainable Equities at Work</a>"
Carmignac Emergents,"<a href=""/en/carmignac-emergents"">Carmignac Emergents</a>"
Carmignac Portfolio Emergents,"<a href=""/en/carmignac-portfolio-emergents"">Carmignac Portfolio Emergents</a>"
Carmignac Portfolio Family Governed,"<a href=""/en/carmignac-portfolio-family-governed"">Carmignac Portfolio Family Governed</a>"
Carmignac Portfolio Grandchildren,"<a href=""/en/carmignac-portfolio-grandchildren"">Carmignac Portfolio Grandchildren</a>"
Carmignac Portfolio Grande Europe,"<a href=""/en/carmignac-portfolio-grande-europe"">Carmignac Portfolio Grande Europe</a>"
Comgest Growth Emerging Markets Plus,"<a href=""/en/comgest-growth-emerging-markets-plus"">Comgest Growth Emerging Markets Plus</a>"
Comgest Growth Europe Plus,"<a href=""/en/comgest-growth-europe-plus"">Comgest Growth Europe Plus</a>"
Convention de Pension pour Travailleurs Indépendants (CPTI) - Pensioenovereenkom...,"<a href=""/en/convention-de-pension-pour-travailleurs-ind%C3%A9pendants-cpti-pensioenovereenkomst-voor-zelfstandigen"">Convention de Pension pour Travailleurs Indépendants (CPTI) - Pensioenovereenkom...</a>"
CPR Invest - Education,"<a href=""/en/cpr-invest-education"">CPR Invest - Education</a>"
CPR Invest - Food For Generations,"<a href=""/en/cpr-invest-food-generations"">CPR Invest - Food For Generations</a>"
Crelan Fund EconoFuture,"<a href=""/en/crelan-fund-econofuture"">Crelan Fund EconoFuture</a>"
Crelan Fund EconoStocks,"<a href=""/en/crelan-fund-econostocks"">Crelan Fund EconoStocks</a>"
Crelan Fund Sustainable,"<a href=""/en/crelan-fund-sustainable"">Crelan Fund Sustainable</a>"
Crelan Pension Fund Sustainable Balanced,"<a href=""/en/crelan-pension-fund-sustainable-balanced"">Crelan Pension Fund Sustainable Balanced</a>"
Crelan Pension Fund Sustainable Growth,"<a href=""/en/crelan-pension-fund-sustainable-growth"">Crelan Pension Fund Sustainable Growth</a>"
Crelan Pension Fund Sustainable Stability,"<a href=""/en/crelan-pension-fund-sustainable-stability"">Crelan Pension Fund Sustainable Stability</a>"
DNCA Invest Beyond Alterosa,"<a href=""/en/dnca-invest-beyond-alterosa"">DNCA Invest Beyond Alterosa</a>"
DNCA Invest Beyond Global Leaders,"<a href=""/en/dnca-invest-beyond-global-leaders"">DNCA Invest Beyond Global Leaders</a>"
DNCA Invest Beyond Infrastructure & Transition,"<a href=""/en/dnca-invest-beyond-infrastructure-transition"">DNCA Invest Beyond Infrastructure &amp; Transition</a>"
DNCA Invest Beyond Semperosa,"<a href=""/en/dnca-invest-beyond-semperosa"">DNCA Invest Beyond Semperosa</a>"
DPAM Invest B Equities Europe Sustainable,"<a href=""/en/dpam-invest-b-equities-europe-sustainable"">DPAM Invest B Equities Europe Sustainable</a>"
DPAM Invest B Equities Food Trends Sustainable,"<a href=""/en/dpam-invest-b-equities-food-trends-sustainable"">DPAM Invest B Equities Food Trends Sustainable</a>"
DPAM Invest B Equities Newgems Sustainable,"<a href=""/en/dpam-invest-b-equities-newgems-sustainable"">DPAM Invest B Equities Newgems Sustainable</a>"
DPAM Invest B Equities World Sustainable,"<a href=""/en/dpam-invest-b-equities-world-sustainable"">DPAM Invest B Equities World Sustainable</a>"
DPAM L Balanced Conservative Sustainable,"<a href=""/en/dpam-l-balanced-conservative-sustainable"">DPAM L Balanced Conservative Sustainable</a>"
DPAM L Bonds Climate Trends Sustainable,"<a href=""/en/dpam-l-bonds-climate-trends-sustainable"">DPAM L Bonds Climate Trends Sustainable</a>"
DPAM L Bonds Emerging Markets Sustainable,"<a href=""/en/dpam-l-bonds-emerging-markets-sustainable"">DPAM L Bonds Emerging Markets Sustainable</a>"
DPAM L Bonds EUR Quality Sustainable,"<a href=""/en/dpam-l-bonds-eur-quality-sustainable"">DPAM L Bonds EUR Quality Sustainable</a>"
DPAM L Bonds Government Sustainable,"<a href=""/en/dpam-l-bonds-government-sustainable"">DPAM L Bonds Government Sustainable</a>"
Echiquier Major SRI Growth Europe,"<a href=""/en/echiquier-major-sri-growth-europe"">Echiquier Major SRI Growth Europe</a>"
Echiquier Positive Impact Europe,"<a href=""/en/echiquier-positive-impact-europe"">Echiquier Positive Impact Europe</a>"
Econopolis Global Equity,"<a href=""/en/econopolis-global-equity"">Econopolis Global Equity</a>"
Econopolis Patrimonial Sustainable,"<a href=""/en/econopolis-patrimonial-sustainable"">Econopolis Patrimonial Sustainable</a>"
Econopolis Smart Convictions,"<a href=""/en/econopolis-smart-convictions"">Econopolis Smart Convictions</a>"
Engagement Individuel de Pension (EIP)/Individuele Pensioentoezegging Broker (IP...,"<a href=""/en/engagement-individuel-de-pension-eipindividuele-pensioentoezegging-broker-ipt"">Engagement Individuel de Pension (EIP)/Individuele Pensioentoezegging Broker (IP...</a>"
Engagement Individuel de Pension BNPPF (EIP) - Individuele Pensioentoezegging BN...,"<a href=""/en/engagement-individuel-de-pension-bnppf-eip-individuele-pensioentoezegging-bnppf-ipt"">Engagement Individuel de Pension BNPPF (EIP) - Individuele Pensioentoezegging BN...</a>"
FFG European Equities Sustainable,"<a href=""/en/ffg-european-equities-sustainable"">FFG European Equities Sustainable</a>"
FFG European Equities Sustainable Moderate,"<a href=""/en/ffg-european-equities-sustainable-moderate"">FFG European Equities Sustainable Moderate</a>"
FFG Global Flexible Sustainable,"<a href=""/en/ffg-global-flexible-sustainable"">FFG Global Flexible Sustainable</a>"
Fidelity Funds - Sustainable Eurozone Equity Fund,"<a href=""/en/fidelity-funds-sustainable-eurozone-equity-fund"">Fidelity Funds - Sustainable Eurozone Equity Fund</a>"
Fidelity Funds - Sustainable Global Equity Fund,"<a href=""/en/fidelity-funds-sustainable-global-equity-fund"">Fidelity Funds - Sustainable Global Equity Fund</a>"
Fidelity Funds - Sustainable Water and Waste Fund,"<a href=""/en/fidelity-funds-sustainable-water-and-waste-fund"">Fidelity Funds - Sustainable Water and Waste Fund</a>"
FISCH Convertible Global Sustainable Fund,"<a href=""/en/fisch-convertible-global-sustainable-fund"">FISCH Convertible Global Sustainable Fund</a>"
Franklin European Total Return Fund,"<a href=""/en/franklin-european-total-return-fund"">Franklin European Total Return Fund</a>"
FTIF Templeton Global Bond Fund,"<a href=""/en/ftif-templeton-global-bond-fund"">FTIF Templeton Global Bond Fund</a>"
FTIF Templeton Global Climate Change Fund,"<a href=""/en/ftif-templeton-global-climate-change-fund"">FTIF Templeton Global Climate Change Fund</a>"
GIS SRI Ageing Population fund,"<a href=""/en/gis-sri-ageing-population-fund"">GIS SRI Ageing Population fund</a>"
Global Investors Series plc ('GIS') Emerging Markets Bond ESG Fund,"<a href=""/en/global-investors-series-plc-gis-emerging-markets-bond-esg-fund"">Global Investors Series plc ('GIS') Emerging Markets Bond ESG Fund</a>"
Global Investors Series plc ('GIS') Global Bond ESG Fund,"<a href=""/en/global-investors-series-plc-gis-global-bond-esg-fund"">Global Investors Series plc ('GIS') Global Bond ESG Fund</a>"
Global Investors Series plc ('GIS') Global Investment Grade Credit ESG...,"<a href=""/en/global-investors-series-plc-gis-global-investment-grade-credit-esg-fund"">Global Investors Series plc ('GIS') Global Investment Grade Credit ESG...</a>"
Home Invest Plan,"<a href=""/en/home-invest-plan"">Home Invest Plan</a>"
Horizon Flexible Portfolio SRI January,"<a href=""/en/horizon-flexible-portfolio-sri-january"">Horizon Flexible Portfolio SRI January</a>"
Horizon KBC ExpertEase SRI Defensive Balanced,"<a href=""/en/horizon-kbc-expertease-sri-defensive-balanced"">Horizon KBC ExpertEase SRI Defensive Balanced</a>"
Horizon KBC ExpertEase SRI Defensive Tolerant,"<a href=""/en/horizon-kbc-expertease-sri-defensive-tolerant"">Horizon KBC ExpertEase SRI Defensive Tolerant</a>"
Horizon KBC ExpertEase SRI Dynamic,"<a href=""/en/horizon-kbc-expertease-sri-dynamic"">Horizon KBC ExpertEase SRI Dynamic</a>"
Horizon KBC ExpertEase SRI Dynamic Balanced,"<a href=""/en/horizon-kbc-expertease-sri-dynamic-balanced"">Horizon KBC ExpertEase SRI Dynamic Balanced</a>"
Horizon KBC ExpertEase SRI Dynamic Tolerant,"<a href=""/en/horizon-kbc-expertease-sri-dynamic-tolerant"">Horizon KBC ExpertEase SRI Dynamic Tolerant</a>"
Horizon KBC Expertease SRI Highly Dynamic Tolerant,"<a href=""/en/horizon-kbc-expertease-sri-highly-dynamic-tolerant"">Horizon KBC Expertease SRI Highly Dynamic Tolerant</a>"
HSBC Europe Equity Green Transition,"<a href=""/en/hsbc-europe-equity-green-transition"">HSBC Europe Equity Green Transition</a>"
Impax Asian Environmental Markets (Ireland) Fund,"<a href=""/en/impax-asian-environmental-markets-ireland-fund"">Impax Asian Environmental Markets (Ireland) Fund</a>"
Impax Environmental Leaders (Ireland) Fund,"<a href=""/en/impax-environmental-leaders-ireland-fund"">Impax Environmental Leaders (Ireland) Fund</a>"
Impax Environmental Markets (Ireland) Fund,"<a href=""/en/impax-environmental-markets-ireland-fund"">Impax Environmental Markets (Ireland) Fund</a>"
Impax Global Equity Opportunities Fund,"<a href=""/en/impax-global-equity-opportunities-fund"">Impax Global Equity Opportunities Fund</a>"
IN.flanders Employment Fund,"<a href=""/en/inflanders-employment-fund"">IN.flanders Employment Fund</a>"
INAMI Broker/RIZIV Broker,"<a href=""/en/inami-brokerriziv-broker"">INAMI Broker/RIZIV Broker</a>"
Incofin CVSO fund,"<a href=""/en/incofin-cvso-fund"">Incofin CVSO fund</a>"
IndexIQ Factors Sustainable Corporate Euro Bond,"<a href=""/en/indexiq-factors-sustainable-corporate-euro-bond"">IndexIQ Factors Sustainable Corporate Euro Bond</a>"
IndexIQ Factors Sustainable EMU Equity,"<a href=""/en/indexiq-factors-sustainable-emu-equity"">IndexIQ Factors Sustainable EMU Equity</a>"
IndexIQ Factors Sustainable Europe Equity,"<a href=""/en/indexiq-factors-sustainable-europe-equity"">IndexIQ Factors Sustainable Europe Equity</a>"
IndexIQ Factors Sustainable Japan Equity,"<a href=""/en/indexiq-factors-sustainable-japan-equity"">IndexIQ Factors Sustainable Japan Equity</a>"
IndexIQ Factors Sustainable Sovereign Euro Bond,"<a href=""/en/indexiq-factors-sustainable-sovereign-euro-bond"">IndexIQ Factors Sustainable Sovereign Euro Bond</a>"
ING ARIA - ING Sustainable Bonds,"<a href=""/en/ing-aria-ing-sustainable-bonds"">ING ARIA - ING Sustainable Bonds</a>"
ING Fund - ING Sustainable Active,"<a href=""/en/ing-fund-ing-sustainable-active"">ING Fund - ING Sustainable Active</a>"
ING Fund - ING Sustainable Balanced,"<a href=""/en/ing-fund-ing-sustainable-balanced"">ING Fund - ING Sustainable Balanced</a>"
ING Fund - ING Sustainable Conservative,"<a href=""/en/ing-fund-ing-sustainable-conservative"">ING Fund - ING Sustainable Conservative</a>"
ING Fund - ING Sustainable Dynamic,"<a href=""/en/ing-fund-ing-sustainable-dynamic"">ING Fund - ING Sustainable Dynamic</a>"
ING Fund - ING Sustainable Moderate,"<a href=""/en/ing-fund-ing-sustainable-moderate"">ING Fund - ING Sustainable Moderate</a>"
Invesco Pan European Structured Responsible Equity Fund,"<a href=""/en/invesco-pan-european-structured-responsible-equity-fund"">Invesco Pan European Structured Responsible Equity Fund</a>"
Invesco Sustainable Allocation Fund,"<a href=""/en/invesco-sustainable-allocation-fund"">Invesco Sustainable Allocation Fund</a>"
iShares MSCI EM SRI UCITS ETF,"<a href=""/en/ishares-msci-em-sri-ucits-etf"">iShares MSCI EM SRI UCITS ETF</a>"
iShares MSCI EMU SRI UCITS ETF,"<a href=""/en/ishares-msci-emu-sri-ucits-etf"">iShares MSCI EMU SRI UCITS ETF</a>"
iShares MSCI Europe SRI UCITS ETF,"<a href=""/en/ishares-msci-europe-sri-ucits-etf"">iShares MSCI Europe SRI UCITS ETF</a>"
iShares MSCI Japan SRI UCITS ETF,"<a href=""/en/ishares-msci-japan-sri-ucits-etf"">iShares MSCI Japan SRI UCITS ETF</a>"
iShares MSCI USA SRI UCITS ETF,"<a href=""/en/ishares-msci-usa-sri-ucits-etf"">iShares MSCI USA SRI UCITS ETF</a>"
iShares MSCI World SRI UCITS ETF,"<a href=""/en/ishares-msci-world-sri-ucits-etf"">iShares MSCI World SRI UCITS ETF</a>"
Janus Henderson Horizon Global Sustainable Equity Fund,"<a href=""/en/janus-henderson-horizon-global-sustainable-equity-fund"">Janus Henderson Horizon Global Sustainable Equity Fund</a>"
JPMorgan Funds - Europe Sustainable Small Cap Equity Fund,"<a href=""/en/jpmorgan-funds-europe-sustainable-small-cap-equity-fund"">JPMorgan Funds - Europe Sustainable Small Cap Equity Fund</a>"
JPMorgan Funds - Global Bond Opportunities Sustainable Fund,"<a href=""/en/jpmorgan-funds-global-bond-opportunities-sustainable-fund"">JPMorgan Funds - Global Bond Opportunities Sustainable Fund</a>"
JPMorgan Funds - Global Macro Sustainable Fund,"<a href=""/en/jpmorgan-funds-global-macro-sustainable-fund"">JPMorgan Funds - Global Macro Sustainable Fund</a>"
JPMorgan Funds - Multi Manager Long Short Sustainable Fund,"<a href=""/en/jpmorgan-funds-multi-manager-long-short-sustainable-fund"">JPMorgan Funds - Multi Manager Long Short Sustainable Fund</a>"
JPMorgan Funds – Emerging Markets Sustainable Equity Fund,"<a href=""/en/jpmorgan-funds-%E2%80%93-emerging-markets-sustainable-equity-fund"">JPMorgan Funds – Emerging Markets Sustainable Equity Fund</a>"
JPMorgan Funds – Europe Sustainable Equity Fund,"<a href=""/en/jpmorgan-funds-%E2%80%93-europe-sustainable-equity-fund"">JPMorgan Funds – Europe Sustainable Equity Fund</a>"
JPMorgan Funds – Global Sustainable Equity Fund,"<a href=""/en/jpmorgan-funds-%E2%80%93-global-sustainable-equity-fund"">JPMorgan Funds – Global Sustainable Equity Fund</a>"
KBC Bonds SRI High Interest,"<a href=""/en/kbc-bonds-sri-high-interest"">KBC Bonds SRI High Interest</a>"
KBC Bonds SRI Strategic Accents,"<a href=""/en/kbc-bonds-sri-strategic-accents"">KBC Bonds SRI Strategic Accents</a>"
KBC Bonds SRI Strategic Corporate Bonds,"<a href=""/en/kbc-bonds-sri-strategic-corporate-bonds"">KBC Bonds SRI Strategic Corporate Bonds</a>"
KBC Bonds SRI Strategic Currencies,"<a href=""/en/kbc-bonds-sri-strategic-currencies"">KBC Bonds SRI Strategic Currencies</a>"
KBC Bonds SRI Strategic EMU,"<a href=""/en/kbc-bonds-sri-strategic-emu"">KBC Bonds SRI Strategic EMU</a>"
KBC Bonds SRI Strategic EMU Short,"<a href=""/en/kbc-bonds-sri-strategic-emu-short"">KBC Bonds SRI Strategic EMU Short</a>"
KBC Bonds SRI Strategic EMU Short Medium,"<a href=""/en/kbc-bonds-sri-strategic-emu-short-medium"">KBC Bonds SRI Strategic EMU Short Medium</a>"
KBC Bonds SRI Strategic Euro Corporate Bonds,"<a href=""/en/kbc-bonds-sri-strategic-euro-corporate-bonds"">KBC Bonds SRI Strategic Euro Corporate Bonds</a>"
KBC Eco Fund Alternative Energy,"<a href=""/en/kbc-eco-fund-alternative-energy"">KBC Eco Fund Alternative Energy</a>"
KBC Eco Fund Climate Change,"<a href=""/en/kbc-eco-fund-climate-change"">KBC Eco Fund Climate Change</a>"
KBC Eco Fund Impact Investing,"<a href=""/en/kbc-eco-fund-impact-investing"">KBC Eco Fund Impact Investing</a>"
KBC Eco Fund Water,"<a href=""/en/kbc-eco-fund-water"">KBC Eco Fund Water</a>"
KBC Eco Fund World,"<a href=""/en/kbc-eco-fund-world"">KBC Eco Fund World</a>"
KBC Equity Fund SRI Asia Pacific,"<a href=""/en/kbc-equity-fund-sri-asia-pacific"">KBC Equity Fund SRI Asia Pacific</a>"
KBC Equity Fund SRI Emerging Markets,"<a href=""/en/kbc-equity-fund-sri-emerging-markets"">KBC Equity Fund SRI Emerging Markets</a>"
KBC Equity Fund SRI EMU Small & Medium Caps,"<a href=""/en/kbc-equity-fund-sri-emu-small-medium-caps"">KBC Equity Fund SRI EMU Small &amp; Medium Caps</a>"
KBC Equity Fund SRI Eurozone,"<a href=""/en/kbc-equity-fund-sri-eurozone"">KBC Equity Fund SRI Eurozone</a>"
KBC Equity Fund SRI Minimum Variance,"<a href=""/en/kbc-equity-fund-sri-minimum-variance"">KBC Equity Fund SRI Minimum Variance</a>"
KBC Equity Fund SRI North America,"<a href=""/en/kbc-equity-fund-sri-north-america"">KBC Equity Fund SRI North America</a>"
KBC Equity Fund SRI Rest of Europe,"<a href=""/en/kbc-equity-fund-sri-rest-europe"">KBC Equity Fund SRI Rest of Europe</a>"
KBC Equity Fund SRI USA & Canada,"<a href=""/en/kbc-equity-fund-sri-usa-canada"">KBC Equity Fund SRI USA &amp; Canada</a>"
KBC Equity Fund SRI World,"<a href=""/en/kbc-equity-fund-sri-world"">KBC Equity Fund SRI World</a>"
KBC Institutional Fund Global SRI Defensive 1,"<a href=""/en/kbc-institutional-fund-global-sri-defensive-1"">KBC Institutional Fund Global SRI Defensive 1</a>"
KBC Institutional Fund SRI Euro Bonds,"<a href=""/en/kbc-institutional-fund-sri-euro-bonds"">KBC Institutional Fund SRI Euro Bonds</a>"
KBC Institutional Fund SRI Euro Equities,"<a href=""/en/kbc-institutional-fund-sri-euro-equities"">KBC Institutional Fund SRI Euro Equities</a>"
KBC Institutional Fund SRI North America,"<a href=""/en/kbc-institutional-fund-sri-north-america"">KBC Institutional Fund SRI North America</a>"
KBC Institutional Fund SRI World Equity,"<a href=""/en/kbc-institutional-fund-sri-world-equity"">KBC Institutional Fund SRI World Equity</a>"
KBC Master Fund Business Comfort SRI Defensive,"<a href=""/en/kbc-master-fund-business-comfort-sri-defensive"">KBC Master Fund Business Comfort SRI Defensive</a>"
KBC Master Fund Business Comfort SRI Dynamic,"<a href=""/en/kbc-master-fund-business-comfort-sri-dynamic"">KBC Master Fund Business Comfort SRI Dynamic</a>"
KBC Multi Interest SRI Cash 3 Month Duration,"<a href=""/en/kbc-multi-interest-sri-cash-3-month-duration"">KBC Multi Interest SRI Cash 3 Month Duration</a>"
KBC Multi Interest SRI Cash 4 Month Duration,"<a href=""/en/kbc-multi-interest-sri-cash-4-month-duration"">KBC Multi Interest SRI Cash 4 Month Duration</a>"
KBC Multi Interest SRI Cash Standard Duration,"<a href=""/en/kbc-multi-interest-sri-cash-standard-duration"">KBC Multi Interest SRI Cash Standard Duration</a>"
KBC Participation SRI Cash Plus,"<a href=""/en/kbc-participation-sri-cash-plus"">KBC Participation SRI Cash Plus</a>"
KBC Participation SRI Corporate Bonds,"<a href=""/en/kbc-participation-sri-corporate-bonds"">KBC Participation SRI Corporate Bonds</a>"
KBC Renta Decarenta,"<a href=""/en/kbc-renta-decarenta"">KBC Renta Decarenta</a>"
KBC Renta Nokrenta,"<a href=""/en/kbc-renta-nokrenta"">KBC Renta Nokrenta</a>"
KBC Renta NZD-Renta,"<a href=""/en/kbc-renta-nzd-renta"">KBC Renta NZD-Renta</a>"
KBC Renta Sekarenta,"<a href=""/en/kbc-renta-sekarenta"">KBC Renta Sekarenta</a>"
KBC Renta Sterlingrenta,"<a href=""/en/kbc-renta-sterlingrenta"">KBC Renta Sterlingrenta</a>"
KBC-Life ExpertEase SRI Defensive Balanced,"<a href=""/en/kbc-life-expertease-sri-defensive-balanced"">KBC-Life ExpertEase SRI Defensive Balanced</a>"
KBC-Life ExpertEase SRI Defensive Conservative,"<a href=""/en/kbc-life-expertease-sri-defensive-conservative"">KBC-Life ExpertEase SRI Defensive Conservative</a>"
KBC-Life ExpertEase SRI Defensive Tolerant,"<a href=""/en/kbc-life-expertease-sri-defensive-tolerant"">KBC-Life ExpertEase SRI Defensive Tolerant</a>"
KBC-Life ExpertEase SRI Dynamic Balanced,"<a href=""/en/kbc-life-expertease-sri-dynamic-balanced"">KBC-Life ExpertEase SRI Dynamic Balanced</a>"
KBC-Life ExpertEase SRI Dynamic Tolerant,"<a href=""/en/kbc-life-expertease-sri-dynamic-tolerant"">KBC-Life ExpertEase SRI Dynamic Tolerant</a>"
KBC-Life ExpertEase SRI Neutral,"<a href=""/en/kbc-life-expertease-sri-neutral"">KBC-Life ExpertEase SRI Neutral</a>"
KBC-Life Flexible Portfolio SRI January,"<a href=""/en/kbc-life-flexible-portfolio-sri-january"">KBC-Life Flexible Portfolio SRI January</a>"
KBC-Life Managed Portfolio Comfort SRI Defensive,"<a href=""/en/kbc-life-managed-portfolio-comfort-sri-defensive"">KBC-Life Managed Portfolio Comfort SRI Defensive</a>"
KBC-Life Managed Portfolio Comfort SRI Dynamic,"<a href=""/en/kbc-life-managed-portfolio-comfort-sri-dynamic"">KBC-Life Managed Portfolio Comfort SRI Dynamic</a>"
KBC-Life SRI Defensive,"<a href=""/en/kbc-life-sri-defensive"">KBC-Life SRI Defensive</a>"
KBC-Life SRI Neutral,"<a href=""/en/kbc-life-sri-neutral"">KBC-Life SRI Neutral</a>"
KBI Institutional Water Fund,"<a href=""/en/kbi-institutional-water-fund"">KBI Institutional Water Fund</a>"
Kempen (Lux) Euro Sustainable Credit Fund,"<a href=""/en/kempen-lux-euro-sustainable-credit-fund"">Kempen (Lux) Euro Sustainable Credit Fund</a>"
Kempen (Lux) Global Property Fund,"<a href=""/en/kempen-lux-global-property-fund"">Kempen (Lux) Global Property Fund</a>"
Kempen (Lux) Global Small-cap Fund,"<a href=""/en/kempen-lux-global-small-cap-fund"">Kempen (Lux) Global Small-cap Fund</a>"
Kempen (Lux) Sustainable European Small-cap Fund,"<a href=""/en/kempen-lux-sustainable-european-small-cap-fund"">Kempen (Lux) Sustainable European Small-cap Fund</a>"
LGT Sustainable Equity Europe,"<a href=""/en/lgt-sustainable-equity-europe"">LGT Sustainable Equity Europe</a>"
LGT Sustainable Equity Global,"<a href=""/en/lgt-sustainable-equity-global"">LGT Sustainable Equity Global</a>"
LGT Sustainable Equity Market Neutral,"<a href=""/en/lgt-sustainable-equity-market-neutral"">LGT Sustainable Equity Market Neutral</a>"
LGT Sustainable Quality Equity Hedged,"<a href=""/en/lgt-sustainable-quality-equity-hedged"">LGT Sustainable Quality Equity Hedged</a>"
LO Funds - Golden Age,"<a href=""/en/lo-funds-golden-age"">LO Funds - Golden Age</a>"
Managed Portfolio Comfort SRI Defensive,"<a href=""/en/managed-portfolio-comfort-sri-defensive"">Managed Portfolio Comfort SRI Defensive</a>"
Managed Portfolio Comfort SRI Dynamic,"<a href=""/en/managed-portfolio-comfort-sri-dynamic"">Managed Portfolio Comfort SRI Dynamic</a>"
Metropolitan-Rentastro Sustainable Balanced,"<a href=""/en/metropolitan-rentastro-sustainable-balanced"">Metropolitan-Rentastro Sustainable Balanced</a>"
Metropolitan-Rentastro Sustainable Growth,"<a href=""/en/metropolitan-rentastro-sustainable-growth"">Metropolitan-Rentastro Sustainable Growth</a>"
Metropolitan-Rentastro Sustainable Stability,"<a href=""/en/metropolitan-rentastro-sustainable-stability"">Metropolitan-Rentastro Sustainable Stability</a>"
Mirova Euro Green and Sustainable Bond Fund,"<a href=""/en/mirova-euro-green-and-sustainable-bond-fund"">Mirova Euro Green and Sustainable Bond Fund</a>"
Mirova Euro Green and Sustainable Corporate Bond Fund,"<a href=""/en/mirova-euro-green-and-sustainable-corporate-bond-fund"">Mirova Euro Green and Sustainable Corporate Bond Fund</a>"
Mirova Europe Environmental Equity Fund,"<a href=""/en/mirova-europe-environmental-equity-fund"">Mirova Europe Environmental Equity Fund</a>"
Mirova Global Green Bond Fund,"<a href=""/en/mirova-global-green-bond-fund"">Mirova Global Green Bond Fund</a>"
Neuberger Berman Emerging Markets Debt Sustainable Investment Grade Blend Fund,"<a href=""/en/neuberger-berman-emerging-markets-debt-sustainable-investment-grade-blend-fund"">Neuberger Berman Emerging Markets Debt Sustainable Investment Grade Blend Fund</a>"
NN (L) Climate and Environment,"<a href=""/en/nn-l-climate-and-environment"">NN (L) Climate and Environment</a>"
NN (L) Emerging Markets Enhanced Index Sustainable Equity,"<a href=""/en/nn-l-emerging-markets-enhanced-index-sustainable-equity"">NN (L) Emerging Markets Enhanced Index Sustainable Equity</a>"
NN (L) Euro Sustainable Credit,"<a href=""/en/nn-l-euro-sustainable-credit"">NN (L) Euro Sustainable Credit</a>"
NN (L) Euro Sustainable Credit (excluding Financials),"<a href=""/en/nn-l-euro-sustainable-credit-excluding-financials"">NN (L) Euro Sustainable Credit (excluding Financials)</a>"
NN (L) European Sustainable Equity,"<a href=""/en/nn-l-european-sustainable-equity"">NN (L) European Sustainable Equity</a>"
NN (L) Global Equity Impact Opportunities,"<a href=""/en/nn-l-global-equity-impact-opportunities"">NN (L) Global Equity Impact Opportunities</a>"
NN (L) Global Sustainable Equity,"<a href=""/en/nn-l-global-sustainable-equity"">NN (L) Global Sustainable Equity</a>"
NN (L) Green Bond,"<a href=""/en/nn-l-green-bond"">NN (L) Green Bond</a>"
NN (L) Green Bond Short Duration,"<a href=""/en/nn-l-green-bond-short-duration"">NN (L) Green Bond Short Duration</a>"
NN (L) Health & Well-Being,"<a href=""/en/nn-l-health-well-being"">NN (L) Health &amp; Well-Being</a>"
NN (L) Patrimonial Balanced European Sustainable,"<a href=""/en/nn-l-patrimonial-balanced-european-sustainable"">NN (L) Patrimonial Balanced European Sustainable</a>"
NN (L) Smart Connectivity,"<a href=""/en/nn-l-smart-connectivity"">NN (L) Smart Connectivity</a>"
Nordea 1 - Emerging Stars Bond Fund,"<a href=""/en/nordea-1-emerging-stars-bond-fund"">Nordea 1 - Emerging Stars Bond Fund</a>"
Nordea 1 - Emerging Stars Equity Fund,"<a href=""/en/nordea-1-emerging-stars-equity-fund"">Nordea 1 - Emerging Stars Equity Fund</a>"
Nordea 1 - European Stars Equity Fund,"<a href=""/en/nordea-1-european-stars-equity-fund"">Nordea 1 - European Stars Equity Fund</a>"
Nordea 1 - Global Climate and Environment Fund,"<a href=""/en/nordea-1-global-climate-and-environment-fund"">Nordea 1 - Global Climate and Environment Fund</a>"
Nordea 1 - Global Stars Equity Fund,"<a href=""/en/nordea-1-global-stars-equity-fund"">Nordea 1 - Global Stars Equity Fund</a>"
Nordea 1 - North American Stars Equity Fund,"<a href=""/en/nordea-1-north-american-stars-equity-fund"">Nordea 1 - North American Stars Equity Fund</a>"
Pension Invest Plan,"<a href=""/en/pension-invest-plan"">Pension Invest Plan</a>"
Pension Invest Plan - Pension Libre Complémentaire pour Indépendants (PIP PLCI -...,"<a href=""/en/pension-invest-plan-pension-libre-compl%C3%A9mentaire-pour-ind%C3%A9pendants-pip-plci-vapz"">Pension Invest Plan - Pension Libre Complémentaire pour Indépendants (PIP PLCI -...</a>"
Pension Invest Plan INAMI - Pension Invest Plan RIZIV,"<a href=""/en/pension-invest-plan-inami-pension-invest-plan-riziv"">Pension Invest Plan INAMI - Pension Invest Plan RIZIV</a>"
Pension Libre Complémentaire pour Indépendants Broker (PLCI) - Vrij Aanvullend P...,"<a href=""/en/pension-libre-compl%C3%A9mentaire-pour-ind%C3%A9pendants-broker-plci-vrij-aanvullend-pensioen-voor"">Pension Libre Complémentaire pour Indépendants Broker (PLCI) - Vrij Aanvullend P...</a>"
Pictet-Clean Energy,"<a href=""/en/pictet-clean-energy"">Pictet-Clean Energy</a>"
Pictet-Global Environmental Opportunities,"<a href=""/en/pictet-global-environmental-opportunities"">Pictet-Global Environmental Opportunities</a>"
Pictet-Health,"<a href=""/en/pictet-health"">Pictet-Health</a>"
Pictet-Nutrition,"<a href=""/en/pictet-nutrition"">Pictet-Nutrition</a>"
Pictet-Quest Europe Sustainable Equities,"<a href=""/en/pictet-quest-europe-sustainable-equities"">Pictet-Quest Europe Sustainable Equities</a>"
Pictet-SmartCity,"<a href=""/en/pictet-smartcity"">Pictet-SmartCity</a>"
Pictet-Timber,"<a href=""/en/pictet-timber"">Pictet-Timber</a>"
Pictet-Water,"<a href=""/en/pictet-water"">Pictet-Water</a>"
Post Optima Pension,"<a href=""/en/post-optima-pension"">Post Optima Pension</a>"
Pricos SRI,"<a href=""/en/pricos-sri"">Pricos SRI</a>"
Quest Cleantech Fund,"<a href=""/en/quest-cleantech-fund"">Quest Cleantech Fund</a>"
Quest+,"<a href=""/en/quest"">Quest+</a>"
Robeco Euro Government Bonds,"<a href=""/en/robeco-euro-government-bonds"">Robeco Euro Government Bonds</a>"
Robeco Financial Institutions Bonds,"<a href=""/en/robeco-financial-institutions-bonds"">Robeco Financial Institutions Bonds</a>"
Robeco New World Financials Equities,"<a href=""/en/robeco-new-world-financials-equities"">Robeco New World Financials Equities</a>"
Robeco Sustainable Emerging Stars Equities,"<a href=""/en/robeco-sustainable-emerging-stars-equities"">Robeco Sustainable Emerging Stars Equities</a>"
Robeco Sustainable European Stars Equities,"<a href=""/en/robeco-sustainable-european-stars-equities"">Robeco Sustainable European Stars Equities</a>"
Robeco Sustainable Global Stars Equities,"<a href=""/en/robeco-sustainable-global-stars-equities"">Robeco Sustainable Global Stars Equities</a>"
Robeco Sustainable Property Equities,"<a href=""/en/robeco-sustainable-property-equities"">Robeco Sustainable Property Equities</a>"
RobecoSAM Euro SDG Credits,"<a href=""/en/robecosam-euro-sdg-credits"">RobecoSAM Euro SDG Credits</a>"
RobecoSAM Global Gender Equality Impact Equities,"<a href=""/en/robecosam-global-gender-equality-impact-equities"">RobecoSAM Global Gender Equality Impact Equities</a>"
RobecoSAM Global SDG Credits,"<a href=""/en/robecosam-global-sdg-credits"">RobecoSAM Global SDG Credits</a>"
RobecoSAM Global SDG Equities,"<a href=""/en/robecosam-global-sdg-equities"">RobecoSAM Global SDG Equities</a>"
RobecoSAM SDG Credit Income,"<a href=""/en/robecosam-sdg-credit-income"">RobecoSAM SDG Credit Income</a>"
RobecoSAM SDG High Yield Bonds,"<a href=""/en/robecosam-sdg-high-yield-bonds"">RobecoSAM SDG High Yield Bonds</a>"
RobecoSAM Smart Energy Fund,"<a href=""/en/robecosam-smart-energy-fund"">RobecoSAM Smart Energy Fund</a>"
RobecoSAM Smart Materials Fund,"<a href=""/en/robecosam-smart-materials-fund"">RobecoSAM Smart Materials Fund</a>"
RobecoSAM Smart Mobility Fund,"<a href=""/en/robecosam-smart-mobility-fund"">RobecoSAM Smart Mobility Fund</a>"
RobecoSAM Sustainable Food Equities,"<a href=""/en/robecosam-sustainable-food-equities"">RobecoSAM Sustainable Food Equities</a>"
RobecoSAM Sustainable Healthy Living Fund,"<a href=""/en/robecosam-sustainable-healthy-living-fund"">RobecoSAM Sustainable Healthy Living Fund</a>"
RobecoSAM Sustainable Water Fund,"<a href=""/en/robecosam-sustainable-water-fund"">RobecoSAM Sustainable Water Fund</a>"
Schroder International Selection Fund (ISF) Global Climate Change Equity,"<a href=""/en/schroder-international-selection-fund-isf-global-climate-change-equity"">Schroder International Selection Fund (ISF) Global Climate Change Equity</a>"
Schroder International Selection Fund (ISF) Global Energy Transition,"<a href=""/en/schroder-international-selection-fund-isf-global-energy-transition"">Schroder International Selection Fund (ISF) Global Energy Transition</a>"
Schroder International Selection Fund (ISF) Global Sustainable Convertible Bond,"<a href=""/en/schroder-international-selection-fund-isf-global-sustainable-convertible-bond"">Schroder International Selection Fund (ISF) Global Sustainable Convertible Bond</a>"
Schroder International Selection Fund (ISF) QEP Global ESG ex. Fossil Fuels,"<a href=""/en/schroder-international-selection-fund-isf-qep-global-esg-ex-fossil-fuels"">Schroder International Selection Fund (ISF) QEP Global ESG ex. Fossil Fuels</a>"
Schroder ISF European Sustainable Equity,"<a href=""/en/schroder-isf-european-sustainable-equity"">Schroder ISF European Sustainable Equity</a>"
Select Investors SRI Defensive Flexible Allocation,"<a href=""/en/select-investors-sri-defensive-flexible-allocation"">Select Investors SRI Defensive Flexible Allocation</a>"
Select Investors SRI Global Flexible Allocation,"<a href=""/en/select-investors-sri-global-flexible-allocation"">Select Investors SRI Global Flexible Allocation</a>"
Sivek SRI Global Low,"<a href=""/en/sivek-sri-global-low"">Sivek SRI Global Low</a>"
Sivek SRI Global Medium,"<a href=""/en/sivek-sri-global-medium"">Sivek SRI Global Medium</a>"
Smart Invest Bon 90 Cities of tomorrow 2030 range,"<a href=""/en/smart-invest-bon-90-cities-tomorrow-2030-range"">Smart Invest Bon 90 Cities of tomorrow 2030 range</a>"
SpaarPlus Rekening,"<a href=""/en/spaarplus-rekening"">SpaarPlus Rekening</a>"
Sparinvest SICAV Ethical Global Value,"<a href=""/en/sparinvest-sicav-ethical-global-value"">Sparinvest SICAV Ethical Global Value</a>"
Star Fund,"<a href=""/en/star-fund"">Star Fund</a>"
Sycomore Eco Solutions,"<a href=""/en/sycomore-eco-solutions"">Sycomore Eco Solutions</a>"
Sycomore Happy@Work,"<a href=""/en/sycomore-happywork"">Sycomore Happy@Work</a>"
Sycomore Next Generation,"<a href=""/en/sycomore-next-generation"">Sycomore Next Generation</a>"
Sycomore Sélection Crédit,"<a href=""/en/sycomore-s%C3%A9lection-cr%C3%A9dit"">Sycomore Sélection Crédit</a>"
Sycomore Sélection Crédit SFS,"<a href=""/en/sycomore-s%C3%A9lection-cr%C3%A9dit-sfs"">Sycomore Sélection Crédit SFS</a>"
Sycomore Sélection Responsable,"<a href=""/en/sycomore-s%C3%A9lection-responsable"">Sycomore Sélection Responsable</a>"
Sycomore Sélection Responsable SFS,"<a href=""/en/sycomore-s%C3%A9lection-responsable-sfs"">Sycomore Sélection Responsable SFS</a>"
Sycomore Shared Growth,"<a href=""/en/sycomore-shared-growth"">Sycomore Shared Growth</a>"
Theam Quant - Equity Europe Climate Care,"<a href=""/en/theam-quant-equity-europe-climate-care"">Theam Quant - Equity Europe Climate Care</a>"
Theam Quant - Equity World Climate Care Offset,"<a href=""/en/theam-quant-equity-world-climate-care-offset"">Theam Quant - Equity World Climate Care Offset</a>"
Theam Quant - Equity World Global Goals,"<a href=""/en/theam-quant-equity-world-global-goals"">Theam Quant - Equity World Global Goals</a>"
Threadneedle (Lux) European Social Bond Fund,"<a href=""/en/threadneedle-lux-european-social-bond-fund"">Threadneedle (Lux) European Social Bond Fund</a>"
Triodos Euro Bond Impact Fund,"<a href=""/en/triodos-euro-bond-impact-fund"">Triodos Euro Bond Impact Fund</a>"
Triodos Global Equities Impact Fund,"<a href=""/en/triodos-global-equities-impact-fund"">Triodos Global Equities Impact Fund</a>"
Triodos Impact Mixed Fund - Defensive,"<a href=""/en/triodos-impact-mixed-fund-defensive"">Triodos Impact Mixed Fund - Defensive</a>"
Triodos Impact Mixed Fund - Neutral,"<a href=""/en/triodos-impact-mixed-fund-neutral"">Triodos Impact Mixed Fund - Neutral</a>"
Triodos Impact Mixed Fund - Offensive,"<a href=""/en/triodos-impact-mixed-fund-offensive"">Triodos Impact Mixed Fund - Offensive</a>"
Triodos Junior spaarrekening,"<a href=""/en/triodos-junior-spaarrekening"">Triodos Junior spaarrekening</a>"
Triodos Maandsparen,"<a href=""/en/triodos-maandsparen"">Triodos Maandsparen</a>"
Triodos Microfinance Fund,"<a href=""/en/triodos-microfinance-fund"">Triodos Microfinance Fund</a>"
Triodos Pioneer Impact Fund,"<a href=""/en/triodos-pioneer-impact-fund"">Triodos Pioneer Impact Fund</a>"
Triodos spaarrekening,"<a href=""/en/triodos-spaarrekening"">Triodos spaarrekening</a>"
Triodos spaarrekening Business,"<a href=""/en/triodos-spaarrekening-business"">Triodos spaarrekening Business</a>"
Triodos termijnrekening,"<a href=""/en/triodos-termijnrekening"">Triodos termijnrekening</a>"
Triodos termijnrekening Business,"<a href=""/en/triodos-termijnrekening-business"">Triodos termijnrekening Business</a>"
UBAM - Positive Impact Equity,"<a href=""/en/ubam-positive-impact-equity"">UBAM - Positive Impact Equity</a>"
UBAM - SNAM Japan Equity Sustainable,"<a href=""/en/ubam-snam-japan-equity-sustainable"">UBAM - SNAM Japan Equity Sustainable</a>"
UBAM - SRI European Convertible Bond,"<a href=""/en/ubam-sri-european-convertible-bond"">UBAM - SRI European Convertible Bond</a>"
Value Square Fund Equity World,"<a href=""/en/value-square-fund-equity-world"">Value Square Fund Equity World</a>"
Van Lanschot - Labor et Caritas,"<a href=""/en/van-lanschot-labor-et-caritas"">Van Lanschot - Labor et Caritas</a>"
Van Lanschot Bevek Balanced Portfolio,"<a href=""/en/van-lanschot-bevek-balanced-portfolio"">Van Lanschot Bevek Balanced Portfolio</a>"
Van Lanschot Bevek Defensive Portfolio,"<a href=""/en/van-lanschot-bevek-defensive-portfolio"">Van Lanschot Bevek Defensive Portfolio</a>"
Van Lanschot Bevek Equities DBI-RDT,"<a href=""/en/van-lanschot-bevek-equities-dbi-rdt"">Van Lanschot Bevek Equities DBI-RDT</a>"
Van Lanschot Bevek Growth Portfolio,"<a href=""/en/van-lanschot-bevek-growth-portfolio"">Van Lanschot Bevek Growth Portfolio</a>"
Van Lanschot Bevek High Growth Portfolio,"<a href=""/en/van-lanschot-bevek-high-growth-portfolio"">Van Lanschot Bevek High Growth Portfolio</a>"
Van Lanschot Bevek Very Defensive Portfolio,"<a href=""/en/van-lanschot-bevek-very-defensive-portfolio"">Van Lanschot Bevek Very Defensive Portfolio</a>"
VDK Sustainable Flex Fund,"<a href=""/en/vdk-sustainable-flex-fund"">VDK Sustainable Flex Fund</a>"
VDK Sustainable Pension Fund,"<a href=""/en/vdk-sustainable-pension-fund"">VDK Sustainable Pension Fund</a>"
Vontobel Fund - Sustainable Emerging Markets Local Currency Bond,"<a href=""/en/vontobel-fund-sustainable-emerging-markets-local-currency-bond"">Vontobel Fund - Sustainable Emerging Markets Local Currency Bond</a>"
Vontobel Fund II MTX Sustainable Emerging Markets Leaders X,"<a href=""/en/vontobel-fund-ii-mtx-sustainable-emerging-markets-leaders-x"">Vontobel Fund II MTX Sustainable Emerging Markets Leaders X</a>"
